,Accuracy,Precision,Recall,F1-Score,ROC-AUC
Logistic Regression,0.6632009733436567,0.6588096006888386,0.6770268775577922,0.6677940213833733,0.7211418481679662
Decision Tree,0.8067138590863843,0.9223914699162223,0.6697821037495852,0.7760476739715494,0.8512406813772617
